TITLE,ARTIST,RELEASE,BPM,ENERGY,DANCE,LOUD,VALENCE,LENGTH,ACOUSTIC,POP
Give You Up - Darius Remix,Crayon,2013,108,51,85,-9,66,324.99999993600005,37,49
Feelin' Good - Edit,Laurent Garnier,2019,126,71,59,-13,37,274.000000032,0,35
Under The Moon - Cassius Remix - Edit,Claptone,2018,121,51,78,-11,12,234.0,1,56
Imported Goods,Action Bronson,2010,93,94,62,-6,68,249.999999984,16,46
Easy Rider,Action Bronson,2015,94,85,42,-4,67,258.999999984,3,52
Actin Crazy,Action Bronson,2015,166,62,50,-7,25,238.99999996800003,20,54
Smile (with Alex Gopher & Asher Roth) - Vocal Mix,Étienne de Crécy,2015,120,74,80,-8,59,206.000000064,0,43
Pleasure - Live,Justice,2017,115,66,62,-7,30,222.000000048,2,1
Intro,Kanye West,2004,80,37,75,-14,37,18.999999993600003,31,0
We Don't Care,Kanye West,2004,83,74,64,-6,61,240.000000048,1,15
Graduation Day,Kanye West,2004,170,44,42,-9,83,81.9999999936,68,8
I'll Fly Away,Kanye West,2004,172,27,24,-11,52,69.99999999840001,72,9
Spaceship,Kanye West,2004,178,77,52,-5,65,324.0,51,15
Jesus Walks,Kanye West,2004,85,84,43,-5,72,193.99999996800003,58,26
Never Let Me Down,Kanye West,2004,81,81,47,-5,64,324.0,39,14
Get Em High,Kanye West,2004,93,65,60,-6,64,288.999999936,20,14
Workout Plan,Kanye West,2004,114,29,71,-14,75,45.9999999936,84,7
The New Workout Plan,Kanye West,2004,118,77,70,-5,62,323.000000064,1,19
Slow Jamz,Twista,2004,145,74,57,-6,59,315.99999993600005,37,21
Breathe In Breathe Out,Kanye West,2004,83,72,53,-3,92,247.000000032,34,10
School Spirit Skit 1,Kanye West,2004,92,20,73,-15,63,78.99999999840001,35,5
School Spirit,Kanye West,2004,86,80,51,-5,65,182.000000016,29,11
School Spirit Skit 2,Kanye West,2004,94,29,74,-13,85,44.0000000064,33,5
Lil Jimmy Skit,Kanye West,2004,127,27,60,-12,76,54.0,78,5
Two Words,Kanye West,2004,85,81,56,-5,53,265.999999968,2,10
Through The Wire,Kanye West,2004,83,75,55,-6,62,220.999999968,1,23
Family Business,Kanye West,2004,94,53,73,-7,55,279.0,16,15
Last Call,Kanye West,2004,83,73,51,-7,86,760.999999968,57,11
L'impératrice,L'Impératrice,2012,98,78,69,-8,15,305.00000006399995,69,39
Vanille fraise,L'Impératrice,2015,103,55,77,-11,66,238.000000032,4,62
Fuck You,CeeLo Green,2010,127,83,69,-6,74,222.999999984,13,63
Come and Get Your Love - Single Edit,Redbone,1973,107,80,73,-8,96,206.000000064,17,77
The Makings of You,Curtis Mayfield,1970,76,43,37,-11,57,224.000000064,76,41
all my friends,21 Savage,2018,130,62,71,-5,21,211.999999968,17,70
a lot,21 Savage,2018,146,64,84,-8,27,288.999999936,4,81
break da law,21 Savage,2018,141,57,90,-8,36,177.999999984,5,60
a&t,21 Savage,2018,147,57,92,-5,83,211.999999968,0,58
out for the night,21 Savage,2018,173,70,84,-6,41,137.0000000016,0,60
gun smoke,21 Savage,2018,86,46,81,-6,33,166.999999968,0,60
1.5,21 Savage,2018,84,52,89,-8,31,148.999999968,0,67
can't leave without it,21 Savage,2018,132,59,87,-7,70,204.999999984,11,71
asmr,21 Savage,2018,170,54,84,-8,16,171.999999936,4,63
ball w/o you,21 Savage,2018,138,63,89,-7,46,195.000000048,5,69
good day,21 Savage,2018,122,52,97,-6,12,242.00000006399998,0,54
pad lock,21 Savage,2018,130,55,96,-8,80,191.000000016,2,57
monster,21 Savage,2018,134,61,89,-7,22,233.000000064,16,73
letter 2 my momma,21 Savage,2018,80,61,86,-11,96,195.000000048,5,57
4L,21 Savage,2018,80,41,88,-9,7,288.0,0,62
CHANCES,KAYTRANADA,2018,106,53,84,-7,61,218.00000001600003,20,46
CHANCES (INSTRUMENTAL),KAYTRANADA,2018,106,44,95,-8,66,218.00000001600003,6,19
IT WAS MEANT 2 B,KAYTRANADA,2018,95,58,83,-8,49,240.000000048,0,27
NOTHIN LIKE U (feat. Ty Dolla $ign),KAYTRANADA,2018,105,81,79,-6,77,195.000000048,6,37
"Stayin' Alive - From ""Saturday Night Fever"" Soundtrack",Bee Gees,1979,104,83,70,-7,95,285.000000048,3,75
Paranoid,Post Malone,2018,160,55,61,-6,24,222.000000048,4,74
Spoil My Night (feat. Swae Lee),Post Malone,2018,161,68,67,-3,26,195.000000048,34,73
Rich & Sad,Post Malone,2018,152,59,60,-5,27,206.000000064,19,74
Zack And Codeine,Post Malone,2018,138,84,74,-5,29,204.000000048,14,71
Takin' Shots,Post Malone,2018,120,63,77,-6,58,216.999999936,60,71
rockstar (feat. 21 Savage),Post Malone,2018,160,54,59,-6,14,218.00000001600003,12,86
Over Now,Post Malone,2018,164,76,56,-4,24,247.000000032,13,73
Psycho (feat. Ty Dolla $ign),Post Malone,2018,140,56,74,-8,44,220.999999968,58,83
Better Now,Post Malone,2018,145,56,68,-6,37,231.00000004799998,35,86
Ball For Me (feat. Nicki Minaj),Post Malone,2018,134,56,79,-4,51,206.000000064,49,74
Otherside,Post Malone,2018,105,66,65,-6,14,227.999999952,35,70
Stay,Post Malone,2018,86,47,48,-5,35,204.000000048,41,76
Blame It On Me,Post Malone,2018,122,59,65,-7,32,261.999999936,14,70
Same Bitches (feat. G-Eazy & YG),Post Malone,2018,100,77,73,-5,21,211.999999968,38,72
Jonestown (Interlude),Post Malone,2018,78,50,34,-10,25,112.0000000032,75,62
92 Explorer,Post Malone,2018,146,74,80,-5,88,211.00000003199997,27,73
Candy Paint,Post Malone,2018,180,65,67,-6,44,227.999999952,63,79
Sugar Wraith,Post Malone,2018,164,77,60,-4,29,227.999999952,26,71
Summer Knights,Joey Bada$$,2012,93,60,49,-8,46,116.00000000639999,51,44
Waves,Joey Bada$$,2012,90,91,73,-3,89,211.999999968,22,51
FromdaTomb$ (feat. Chuck Strangers),Joey Bada$$,2012,92,92,59,-5,55,204.999999984,20,49
Survival Tactics (feat. Capital STEEZ),Joey Bada$$,2012,200,84,53,-2,92,202.999999968,43,56
Killuminati (feat. Capital STEEZ),Joey Bada$$,2012,87,84,61,-3,88,153.999999936,44,50
Hardknock (feat. CJ Fly),Joey Bada$$,2012,82,89,64,-2,54,317.999999952,9,50
World Domination,Joey Bada$$,2012,79,94,45,-2,91,162.999999936,17,50
Pennyroyal,Joey Bada$$,2012,93,83,75,-2,92,170.000000064,6,46
Funky Ho'$,Joey Bada$$,2012,174,69,69,-6,65,269.00000006399995,48,47
Daily Routine,Joey Bada$$,2012,81,53,67,-9,54,177.999999984,26,46
Snakes (feat. T'nah Apex),Joey Bada$$,2012,82,67,53,-5,80,258.999999984,82,48
Don't Front (feat. CJ Fly),Joey Bada$$,2012,95,81,61,-6,74,261.999999936,38,44
Righteous Minds,Joey Bada$$,2012,95,64,81,-6,61,224.000000064,26,52
Where It'$ At? (feat. Kirk Knight),Joey Bada$$,2012,80,66,72,-5,86,249.00000004800003,82,43
"Third Eye Sh*t (feat. Pro Era, Capital STEEZ, CJ Fly, Chuck Strangers, Dyemond Lewis, Nyck Caution, Kirk Knight, Rokamouth, T'nah Apex & Dessy Hinds)",Joey Bada$$,2012,129,67,61,-6,72,706.999999968,62,43
4th Dimension,KIDS SEE GHOSTS,2018,172,54,77,-7,73,153.0,28,68
Freeee (Ghost Town Pt. 2),KIDS SEE GHOSTS,2018,152,81,33,-5,31,206.99999999999997,0,60
INTRO,Rejjie Snow,2017,80,68,52,-6,22,193.99999996800003,65,19
UNBORN,Rejjie Snow,2017,170,37,79,-8,79,193.000000032,33,21
FASHION WEEK,Rejjie Snow,2017,140,66,76,-8,64,137.0000000016,45,26
AFRICAN DRAGON,Rejjie Snow,2017,73,54,47,-13,21,24.9999999984,35,0
PURPLE TUESDAY (feat. Joey Bada$$ & Jesse Boykins III),Rejjie Snow,2017,84,46,68,-6,72,290.000000016,38,45
ME & MY PIANO,Rejjie Snow,2017,80,27,64,-14,49,99.9999999936,87,20
SUNNY CALIFORNIA,Rejjie Snow,2017,150,56,51,-8,37,198.999999936,16,33
HOPE,Rejjie Snow,2017,80,64,70,-5,68,116.00000000639999,31,20
CONGO (MAMA AFRICA),Rejjie Snow,2017,88,67,66,-7,71,56.9999999952,51,14
GET IT (feat. Joyce Wrice),Rejjie Snow,2017,86,69,69,-7,71,177.000000048,5,29
MILK MAN,Rejjie Snow,2017,170,79,28,-15,4,17.000000006399997,94,0
PINK FLOWER (feat. Dana Williams & Julian Bell),Rejjie Snow,2017,80,60,68,-6,80,173.999999952,62,30
ACID TRIP,Rejjie Snow,2017,99,56,72,-8,39,188.000000064,4,46
Hello,Rejjie Snow,2018,130,73,81,-8,82,130.9999999968,4,31
Rainbows,Rejjie Snow,2018,162,72,58,-7,74,200.999999952,1,29
The Wonderful World of Annie,Rejjie Snow,2018,110,42,67,-15,58,67.9999999968,37,24
23,Rejjie Snow,2018,97,64,80,-7,50,182.000000016,28,52
Pink Lemonade,Rejjie Snow,2018,90,38,88,-9,75,161.000000064,19,38
Skinny Jasmine Intermission,Rejjie Snow,2018,132,59,80,-10,61,74.0000000016,39,24
Mon Amour,Rejjie Snow,2018,178,65,64,-6,67,227.000000016,16,36
Oh No!,Rejjie Snow,2018,132,54,76,-7,55,170.000000064,50,37
Spaceships,Rejjie Snow,2018,107,78,78,-7,63,193.000000032,19,33
Egyptian Luvr (feat. Aminé and Dana Williams),Rejjie Snow,2018,105,59,83,-8,90,256.99999996799994,6,53
The Ends,Rejjie Snow,2018,76,61,56,-8,82,128.0000000016,34,29
Room 27,Rejjie Snow,2018,76,67,59,-8,36,193.99999996800003,28,33
Désolé,Rejjie Snow,2018,83,57,64,-7,25,234.0,13,37
The Rain,Rejjie Snow,2018,134,43,78,-7,28,240.99999998399997,18,39
Skateboard P Intermission,Rejjie Snow,2018,76,67,74,-11,95,44.0000000064,15,21
LMFAO,Rejjie Snow,2018,120,70,90,-6,88,206.99999999999997,11,30
Bye Polar,Rejjie Snow,2018,117,52,65,-8,61,189.999999936,8,35
Charlie Brown,Rejjie Snow,2018,99,67,67,-6,71,220.999999968,22,37
Annie,Rejjie Snow,2018,124,60,95,-5,45,243.999999936,0,27
Greatness,Rejjie Snow,2018,157,67,60,-9,13,265.000000032,11,28
BOOGIE,BROCKHAMPTON,2017,110,93,60,-3,28,193.000000032,1,61
ZIPPER,BROCKHAMPTON,2017,114,68,84,-4,69,202.000000032,25,61
JOHNNY,BROCKHAMPTON,2017,80,86,61,-5,87,251.99999999999997,44,54
LIQUID,BROCKHAMPTON,2017,140,63,64,-6,53,81.9999999936,42,48
CINEMA 1,BROCKHAMPTON,2017,82,26,50,-17,32,45.9999999936,94,43
STUPID,BROCKHAMPTON,2017,70,49,77,-6,60,216.999999936,12,52
BLEACH,BROCKHAMPTON,2017,156,66,60,-6,72,272.999999952,46,70
ALASKA,BROCKHAMPTON,2017,75,60,72,-7,41,198.999999936,12,51
HOTTIE,BROCKHAMPTON,2017,129,71,86,-6,77,197.00000006400003,16,57
CINEMA 2,BROCKHAMPTON,2017,103,37,42,-17,71,38.9999999952,80,42
SISTER/NATION,BROCKHAMPTON,2017,150,69,38,-7,51,364.999999968,9,52
RENTAL,BROCKHAMPTON,2017,82,45,67,-8,51,213.999999984,19,63
STAINS,BROCKHAMPTON,2017,113,66,64,-7,65,179.000000064,47,51
CINEMA 3,BROCKHAMPTON,2017,121,34,36,-17,39,51.0000000048,91,41
TEAM,BROCKHAMPTON,2017,140,73,31,-7,27,274.000000032,40,51
Sunset,The xx,2012,120,18,84,-16,37,218.99999995200002,56,53
Crystalised,The xx,2009,123,49,77,-12,42,202.000000032,82,63
Plastic 100°C,Sampha,2017,132,36,60,-12,18,315.99999993600005,74,54
Blood on Me,Sampha,2017,104,52,78,-8,61,247.000000032,12,52
Kora Sings,Sampha,2017,136,70,69,-9,78,258.000000048,31,43
(No One Knows Me) Like the Piano,Sampha,2017,129,20,62,-14,18,218.00000001600003,98,60
Take Me Inside,Sampha,2017,78,30,30,-11,29,139.0000000032,85,41
Under,Sampha,2017,115,53,75,-9,46,281.999999952,15,43
Incomplete Kisses,Sampha,2017,127,42,65,-12,27,234.0,47,53
What Shouldn't I Be?,Sampha,2017,86,15,35,-17,40,213.000000048,92,42
Reverse Faults,Sampha,2017,128,43,68,-11,42,252.99999993600002,39,46
Intro,The xx,2009,100,79,61,-9,16,128.0000000016,46,70
No Diggity,Nick Murphy / Chet Faker,2012,80,51,67,-12,50,225.0,59,56
Where We Go,Jelani Aryeh,2017,77,69,55,-5,14,279.0,0,46
Make Love,Daft Punk,2005,133,55,70,-9,98,290.000000016,78,44
Crew (feat. Brent Faiyaz & Shy Glizzy),GoldLink,2017,130,61,73,-8,45,177.000000048,13,70
BLOOD.,Kendrick Lamar,2017,157,24,36,-17,49,117.9999999936,14,58
YAH.,Kendrick Lamar,2017,70,70,67,-8,65,159.999999984,58,62
ELEMENT.,Kendrick Lamar,2017,190,71,75,-5,48,209.00000001600003,20,70
FEEL.,Kendrick Lamar,2017,110,80,75,-8,55,215.000000064,14,61
LOYALTY. FEAT. RIHANNA.,Kendrick Lamar,2017,111,54,66,-9,42,227.000000016,3,71
PRIDE.,Kendrick Lamar,2017,139,54,67,-7,37,274.999999968,8,63
LUST.,Kendrick Lamar,2017,94,56,68,-9,57,308.000000016,19,62
LOVE. FEAT. ZACARI.,Kendrick Lamar,2017,126,59,80,-7,78,213.000000048,26,76
XXX. FEAT. U2.,Kendrick Lamar,2017,170,62,57,-7,29,254.00000001600003,14,64
FEAR.,Kendrick Lamar,2017,150,48,59,-7,43,461.00000001600006,60,62
GOD.,Kendrick Lamar,2017,133,56,71,-6,21,249.00000004800003,3,61
DUCKWORTH.,Kendrick Lamar,2017,175,73,55,-7,63,249.00000004800003,5,62
Timmy's Prayer,Sampha,2017,139,56,45,-10,22,263.999999952,45,45
Hold On,SBTRKT,2011,132,39,77,-12,44,206.99999999999997,23,55
Edition,Rex Orange County,2017,141,33,86,-10,26,114.99999999840001,81,64
Baby Blue,King Krule,2013,102,33,47,-11,9,216.0,61,52
Provider,Frank Ocean,2017,140,33,65,-12,39,243.00000000000003,74,65
Border Line,King Krule,2013,100,55,64,-8,35,186.00000004799998,52,48
Out Getting Ribs,King Krule,2013,117,40,51,-10,9,256.000000032,62,45
Biking,Frank Ocean,2017,148,46,67,-7,27,278.000000064,68,66
Red Bottom Sky,Yung Lean,2017,120,40,69,-9,33,303.000000048,73,37
GUMMY,BROCKHAMPTON,2017,80,67,69,-6,79,261.0,20,63
QUEER,BROCKHAMPTON,2017,82,63,77,-7,68,227.999999952,15,57
JELLO,BROCKHAMPTON,2017,140,57,92,-7,64,240.000000048,62,53
TEETH,BROCKHAMPTON,2017,79,55,43,-8,50,80.0000000064,80,48
SWAMP,BROCKHAMPTON,2017,141,66,69,-6,40,251.99999999999997,2,53
SCENE,BROCKHAMPTON,2017,146,31,43,-21,86,40.0000000032,94,42
TOKYO,BROCKHAMPTON,2017,140,63,63,-6,54,191.999999952,6,58
JESUS,BROCKHAMPTON,2017,102,37,61,-9,35,80.0000000064,72,47
CHICK,BROCKHAMPTON,2017,150,71,46,-5,59,204.000000048,35,47
JUNKY,BROCKHAMPTON,2017,82,66,64,-5,68,249.00000004800003,32,55
SCENE 2,BROCKHAMPTON,2017,84,42,41,-21,96,29.999999995200003,89,5
FIGHT,BROCKHAMPTON,2017,90,70,66,-7,17,180.999999936,32,48
SWEET,BROCKHAMPTON,2017,92,63,72,-6,72,274.000000032,54,67
GAMBA,BROCKHAMPTON,2017,95,51,65,-8,30,202.000000032,31,51
SUNNY,BROCKHAMPTON,2017,80,66,50,-5,43,171.0,87,48
SUMMER,BROCKHAMPTON,2017,80,55,50,-6,54,204.999999984,85,60
Islander,Wiki,2017,115,71,61,-7,91,117.0,76,28
Mayor,Wiki,2017,95,91,70,-5,69,213.999999984,37,31
Pretty Bull,Wiki,2017,88,82,68,-5,64,207.99999993599997,44,25
Why iii Love The Moon.,Phony Ppl,2015,92,48,71,-8,66,332.000000064,55,62
HEAT,BROCKHAMPTON,2017,78,74,69,-6,41,272.000000016,9,54
GOLD,BROCKHAMPTON,2017,110,65,81,-7,29,265.999999968,7,66
STAR,BROCKHAMPTON,2017,75,39,78,-9,29,161.000000064,15,59
BOYS,BROCKHAMPTON,2017,145,52,80,-9,85,278.000000064,25,49
2PAC,BROCKHAMPTON,2017,78,51,71,-9,71,62.0000000064,50,44
SKIT 1,BROCKHAMPTON,2017,129,56,39,-22,36,18.999999993600003,88,1
FAKE,BROCKHAMPTON,2017,126,44,70,-10,65,276.000000048,1,52
BANK,BROCKHAMPTON,2017,80,66,64,-11,41,195.99999998399997,9,45
SKIT 2,BROCKHAMPTON,2017,156,41,31,-25,18,15.9999999984,87,0
TRIP,BROCKHAMPTON,2017,76,31,78,-13,63,202.999999968,22,47
SWIM,BROCKHAMPTON,2017,93,49,66,-9,50,213.000000048,15,47
BUMP,BROCKHAMPTON,2017,148,70,63,-11,38,157.99999996800003,6,47
CASH,BROCKHAMPTON,2017,75,80,61,-9,40,195.000000048,18,45
SKIT 3,BROCKHAMPTON,2017,115,20,66,-26,83,38.9999999952,77,38
MILK,BROCKHAMPTON,2017,75,45,59,-9,28,294.999999984,4,51
FACE,BROCKHAMPTON,2017,120,70,95,-5,68,258.999999984,59,66
WASTE,BROCKHAMPTON,2017,117,41,42,-11,41,153.999999936,51,57
See You Again,"Tyler, The Creator",2017,79,56,56,-9,62,180.0,37,75
Who Dat Boy,"Tyler, The Creator",2017,115,49,71,-10,14,204.999999984,34,69
911 / Mr. Lonely,"Tyler, The Creator",2017,90,61,48,-7,30,256.000000032,5,70
D.R.U.G.S.,Rejjie Snow,2016,92,73,72,-6,63,200.999999952,20,34
Love$ick (feat. A$AP Rocky),Mura Masa,2017,89,76,67,-5,76,191.999999952,14,8
TOGETHER (feat. AlunaGeorge & GoldLink),KAYTRANADA,2016,112,69,83,-8,81,197.00000006400003,2,36
The Bird,Anderson .Paak,2016,149,65,49,-7,60,218.00000001600003,8,55
YOU'RE THE ONE (feat. Syd),KAYTRANADA,2016,118,39,82,-10,24,227.999999952,3,43
GOT IT GOOD (feat. Craig David),KAYTRANADA,2016,80,50,64,-7,31,227.999999952,5,40
In Bloom,Shook,2014,125,61,83,-10,66,258.999999984,1,20
Ttktv,Injury Reserve,2015,159,45,63,-9,7,402.000000048,81,52
LAND OF THE FREE,Joey Bada$$,2017,95,65,73,-6,16,283.999999968,47,57
TEMPTATION,Joey Bada$$,2017,105,71,78,-5,78,243.999999936,40,65
FOR MY PEOPLE,Joey Bada$$,2017,101,70,67,-7,19,233.000000064,11,56
Pink Beetle,Rejjie Snow,2016,150,78,48,-7,19,236.000000016,49,28
Them Changes (feat. Flying Lotus & Kamasi Washington),Thundercat,2015,82,58,79,-8,76,186.99999998399997,56,2
Rhymes Like Dimes,MF DOOM,2011,100,75,64,-6,76,258.999999984,66,53
Alla luce del giorno,Ennio Morricone,2006,135,58,72,-13,90,186.00000004799998,5,29
A Horse with No Name,America,1972,123,51,65,-17,83,251.99999999999997,69,74
Youth,Glass Animals,2016,96,72,65,-8,79,231.00000004799998,13,64
Superstition - Single Version,Stevie Wonder,1996,101,66,65,-11,88,238.99999996800003,9,2
Magnolia,Playboi Carti,2017,163,58,79,-7,44,182.000000016,1,74
Life Itself,Glass Animals,2016,112,67,70,-6,56,281.000000016,1,61
Make You Mine,Breakbot,2010,95,56,83,-8,80,202.999999968,2,47
Pools,Glass Animals,2014,105,65,68,-9,23,288.999999936,15,52
Instant Need,FKJ,2013,91,49,77,-8,57,270.0,21,58
Home,Edward Sharpe & The Magnetic Zeros,2009,112,59,54,-7,14,303.000000048,29,71
First,Cold War Kids,2014,78,69,47,-4,56,200.000000016,2,34
Easy Easy,King Krule,2013,147,41,56,-9,23,170.000000064,84,48
Good Life,Kanye West,2007,84,80,44,-7,45,206.99999999999997,0,30
All Falls Down,Kanye West,2004,91,72,64,-5,46,224.000000064,18,32
Black Skinhead,Kanye West,2013,130,82,78,-6,27,188.000000064,0,72
Chanel,Frank Ocean,2017,110,50,78,-6,47,209.999999952,87,73
Just The Two Of Us,"Grover Washington, Jr.",2006,96,33,79,-15,61,238.000000032,42,52
Am I Wrong (feat. ScHoolboy Q),Anderson .Paak,2016,115,80,73,-7,53,254.00000001600003,6,58
Come Down,Anderson .Paak,2016,98,91,82,-6,92,177.000000048,33,62
Ivy,Frank Ocean,2016,116,39,57,-10,45,249.00000004800003,78,73
Pink + White,Frank Ocean,2016,160,55,54,-7,55,184.99999996800003,67,74
Baby I'm Yours,Breakbot Feat. Irfane,2010,118,79,83,-4,74,216.0,71,57
Redbone,Childish Gambino,2016,160,36,75,-10,61,326.999999952,17,29
Eh,Death Grips,2016,152,89,72,-7,65,173.000000016,14,42
We The People....,A Tribe Called Quest,2016,93,81,71,-5,90,171.999999936,1,55
Enough!!,A Tribe Called Quest,2016,77,57,68,-7,24,200.999999952,25,46
The Moment,Tame Impala,2015,119,83,55,-6,45,254.99999995199997,0,65
The Less I Know The Better,Tame Impala,2015,117,74,64,-4,79,216.0,1,81
Immortal,J. Cole,2016,92,42,71,-11,25,202.000000032,44,64
Deja Vu,J. Cole,2016,174,41,65,-11,19,265.000000032,36,68
Ville Mentality,J. Cole,2016,120,38,86,-8,63,193.99999996800003,79,61
Change,J. Cole,2016,107,52,58,-11,24,330.999999984,64,63
Neighbors,J. Cole,2016,139,28,89,-13,41,216.999999936,36,71
Foldin Clothes,J. Cole,2016,162,50,71,-10,60,317.000000016,22,58
She's Mine Pt. 2,J. Cole,2016,70,20,51,-15,5,279.0,78,57
4 Your Eyez Only,J. Cole,2016,79,48,70,-10,49,530.000000064,38,62
Front & Center,Joey Bada$$,2016,106,66,63,-8,55,182.999999952,1,51
Devastated,Joey Bada$$,2016,123,48,84,-9,58,207.99999993599997,12,2
Paper Trail$,Joey Bada$$,2015,94,83,55,-4,45,195.000000048,34,55
Congratulations (feat. Bilal),Mac Miller,2016,58,23,47,-13,21,256.000000032,95,56
Dang! (feat. Anderson .Paak),Mac Miller,2016,107,67,84,-7,56,305.00000006399995,1,71
Stay,Mac Miller,2016,134,56,74,-7,55,326.000000016,57,63
Skin,Mac Miller,2016,120,59,61,-7,48,288.0,53,58
Cinderella (feat. Ty Dolla $ign),Mac Miller,2016,140,53,55,-7,24,479.999999952,24,64
Planet God Damn (feat. Njomza),Mac Miller,2016,173,49,64,-13,43,191.999999952,63,53
Soulmate,Mac Miller,2016,111,53,61,-7,56,272.999999952,13,55
We (feat. CeeLo Green),Mac Miller,2016,139,64,64,-9,60,319.000000032,79,56
My Favorite Part,Mac Miller,2016,95,33,86,-7,72,216.0,63,70
"God Is Fair, Sexy Nasty (feat. Kendrick Lamar)",Mac Miller,2016,96,41,47,-12,14,501.00000004800006,33,60
See You Leave,RJD2,2013,82,61,77,-6,50,299.000000016,4,49
Miss Primetime (feat. Pell),Big Gigantic,2016,137,93,59,-1,59,215.000000064,0,49
"Harder, Better, Faster, Stronger",Daft Punk,2001,123,72,82,-9,69,225.0,4,68
Crescendolls,Daft Punk,2001,124,75,70,-9,94,211.999999968,0,52
Nightvision,Daft Punk,2001,120,19,49,-30,46,103.99999999680001,85,50
Superheroes,Daft Punk,2001,141,74,62,-8,68,238.000000032,0,51
High Life,Daft Punk,2001,125,87,65,-9,52,202.000000032,0,50
Something About Us,Daft Punk,2001,100,48,88,-13,38,233.000000064,44,66
Voyager,Daft Punk,2001,120,74,67,-11,28,227.999999952,28,58
Veridis Quo,Daft Punk,2001,107,69,60,-14,12,344.999999952,48,59
Short Circuit,Daft Punk,2001,110,56,54,-11,22,206.99999999999997,0,48
Face to Face,Daft Punk,2001,118,44,87,-10,96,240.000000048,0,57
Too Long,Daft Punk,2001,127,58,69,-10,51,600.0000000480001,0,49
Scarface,Freddie Gibbs,2014,89,82,58,-6,63,126.99999999360001,2,46
Deeper,Freddie Gibbs,2014,180,79,39,-8,72,198.999999936,26,49
Broken (feat. Scarface),Freddie Gibbs,2014,85,63,60,-10,49,247.999999968,53,44
"Lay It All On Me (feat. Big Sean, Vic Mensa & Ed Sheeran) - Rudi VIP Mix",Rudimental,2015,123,72,82,-5,41,240.000000048,2,32
Love Yourz,J. Cole,2014,76,62,50,-9,40,211.999999968,61,67
Thinkin Bout You,Frank Ocean,2012,130,35,72,-11,18,200.999999952,41,71
Fertilizer,Frank Ocean,2012,116,59,71,-7,96,40.0000000032,85,52
Sweet Life,Frank Ocean,2012,84,59,53,-6,79,263.000000016,28,57
Not Just Money,Frank Ocean,2012,152,86,37,-16,11,60.0000000048,74,49
Super Rich Kids,Frank Ocean,2012,60,42,59,-8,61,305.00000006399995,27,64
Pilot Jones,Frank Ocean,2012,125,45,40,-13,37,184.000000032,48,55
Crack Rock,Frank Ocean,2012,89,74,56,-8,38,224.000000064,9,56
Pyramids,Frank Ocean,2012,132,65,41,-6,20,593.000000064,1,61
Lost,Frank Ocean,2012,123,60,91,-5,49,234.0,3,63
White,Frank Ocean,2012,138,7,55,-19,28,76.0000000032,78,53
Bad Religion,Frank Ocean,2012,82,36,28,-8,13,175.00000003199997,78,57
Pink Matter,Frank Ocean,2012,84,25,40,-11,49,269.00000006399995,95,61
Forrest Gump,Frank Ocean,2012,95,39,68,-8,24,195.000000048,10,61
End,Frank Ocean,2012,120,30,56,-18,33,135.0,40,50
Lone Digger,Caravan Palace,2015,124,94,77,-4,87,229.99999996800003,59,53
Temporary View,SBTRKT,2014,145,71,71,-5,26,206.000000064,55,39
Furthest Thing,Drake,2013,137,78,48,-5,27,267.000000048,15,45
Started From the Bottom,Drake,2013,86,52,79,-8,57,173.999999952,3,48
From Time,Drake,2013,94,49,74,-10,45,321.999999984,63,47
"Hold On, We're Going Home",Drake,2013,100,41,78,-7,29,227.999999952,0,51
Space Bound,Eminem,2010,142,89,67,-3,50,279.0,4,67
Faded,ZHU,2014,125,48,87,-7,61,222.999999984,1,59
Cocaine Model,ZHU,2014,120,71,79,-6,31,254.99999995199997,25,56
Unstoppable - FKJ Remix,Lianne La Havas,2015,92,56,65,-8,50,315.99999993600005,18,52
Coming Over,Dillon Francis,2015,174,66,63,-5,70,177.999999984,23,61
Birch Tree,Foals,2015,108,79,66,-7,47,261.0,2,58
Mariah - Kaytranada Remix,American Royalty,2013,80,40,61,-6,19,261.999999936,1,37
Next Year - RAC Remix,Two Door Cinema Club,2013,123,74,73,-6,39,285.999999984,28,4
Four Walls and an Amplifier,Brock Berrigan,2014,81,66,76,-4,65,132.9999999984,25,48
Retro [ROUGH],Childish Gambino,2014,110,64,87,-6,30,202.999999968,23,10
All We Got (feat. Kanye West & Chicago Children's Choir),Chance the Rapper,2016,132,54,53,-9,40,204.000000048,31,64
No Problem (feat. Lil Wayne & 2 Chainz),Chance the Rapper,2016,135,80,65,-5,79,305.00000006399995,16,72
Summer Friends (feat. Jeremih & Francis & The Lights),Chance the Rapper,2016,145,43,69,-12,48,290.000000016,68,62
D.R.A.M. Sings Special,Chance the Rapper,2016,148,21,41,-13,21,101.9999999952,94,56
Blessings (feat. Jamila Woods),Chance the Rapper,2016,72,34,71,-8,37,222.000000048,72,61
Same Drugs,Chance the Rapper,2016,180,29,46,-10,53,258.000000048,95,67
Mixtape (feat. Young Thug & Lil Yachty),Chance the Rapper,2016,127,43,84,-6,13,292.999999968,5,58
Angels (feat. Saba),Chance the Rapper,2016,156,65,77,-5,68,206.000000064,29,63
Juke Jam (feat. Justin Bieber & Towkio),Chance the Rapper,2016,95,40,51,-9,56,220.00000003199997,72,69
All Night (feat. Knox Fortune),Chance the Rapper,2016,112,78,70,-6,39,141.9999999984,4,68
How Great (feat. Jay Electronica & My cousin Nicole),Chance the Rapper,2016,78,48,44,-9,29,337.000000032,48,55
Smoke Break (feat. Future),Chance the Rapper,2016,125,45,71,-8,28,225.999999936,26,64
"Finish Line / Drown (feat. T-Pain, Kirk Franklin, Eryn Allen Kane & Noname)",Chance the Rapper,2016,86,61,46,-6,41,407.000000016,62,59
"Blessings (feat. Ty Dolla $ign, Anderson .Paak, BJ The Chicago Kid, Raury & Jamila Woods)",Chance the Rapper,2016,80,46,38,-8,54,229.99999996800003,89,58
Legend,Drake,2015,100,56,72,-8,30,242.00000006399998,2,67
Energy,Drake,2015,172,57,74,-8,57,182.000000016,33,68
10 Bands,Drake,2015,173,76,84,-4,87,177.999999984,23,63
Know Yourself,Drake,2015,115,41,74,-9,16,276.000000048,19,65
You & The 6,Drake,2015,154,49,56,-7,21,265.000000032,15,55
Jungle,Drake,2015,195,23,51,-9,39,319.999999968,61,67
Faithful,Drake,2016,100,45,53,-11,19,290.000000016,9,57
Still Here,Drake,2016,134,44,84,-10,24,189.999999936,2,62
Controlla,Drake,2016,92,48,55,-11,32,245.000000016,9,72
Grammys,Drake,2016,145,44,71,-10,12,220.00000003199997,0,59
Childs Play,Drake,2016,80,47,74,-11,29,240.99999998399997,1,64
Pop Style,Drake,2016,133,46,72,-10,5,213.000000048,19,62
Too Good,Drake,2016,118,64,82,-8,40,263.000000016,7,72
Fire & Desire,Drake,2016,80,25,71,-14,25,238.000000032,8,65
Views,Drake,2016,80,87,59,-6,7,312.000000048,6,56
Hotline Bling,Drake,2016,135,62,90,-8,55,267.000000048,0,74
Say It,The Geek x Vrv,2014,88,63,66,-6,43,206.99999999999997,0,48
Fabrics,Felly,2014,76,49,81,-7,26,215.000000064,39,3
Drops,Jungle,2014,108,24,70,-14,17,173.999999952,85,53
Overture,Daft Punk,2010,116,7,17,-15,4,148.000000032,88,37
The Grid,Daft Punk,2010,102,50,56,-14,7,96.99999999840001,26,39
The Son of Flynn,Daft Punk,2010,106,78,54,-18,2,94.9999999968,91,45
Recognizer,Daft Punk,2010,104,54,58,-15,8,157.99999996800003,46,38
Armory,Daft Punk,2010,96,5,38,-24,3,123.00000000480003,66,36
Arena,Daft Punk,2010,67,41,31,-14,8,92.99999999519999,1,36
Rinzler,Daft Punk,2010,90,65,50,-15,4,137.9999999952,48,37
The Game Has Changed,Daft Punk,2010,100,50,54,-15,6,204.999999984,43,39
Outlands,Daft Punk,2010,113,44,57,-16,17,162.0,79,37
Adagio For TRON,Daft Punk,2010,59,12,6,-20,4,251.000000064,73,36
Nocturne,Daft Punk,2010,88,5,17,-27,4,101.9999999952,40,35
End of Line,Daft Punk,2010,196,45,37,-11,4,155.999999952,0,40
Derezzed,Daft Punk,2010,120,62,54,-10,10,103.99999999680001,0,45
Fall,Daft Punk,2010,180,63,28,-10,24,83.0000000016,0,36
Solar Sailer,Daft Punk,2010,124,17,18,-23,4,162.0,86,40
Rectifier,Daft Punk,2010,66,19,45,-15,4,134.0000000064,58,34
Disc Wars,Daft Punk,2010,160,48,55,-15,35,251.000000064,43,35
C.L.U.,Daft Punk,2010,87,51,34,-13,6,279.0,34,33
Arrival,Daft Punk,2010,63,13,6,-23,4,119.9999999952,91,32
Flynn Lives,Daft Punk,2010,108,27,44,-14,4,202.000000032,95,35
TRON Legacy (End Titles),Daft Punk,2010,102,82,42,-9,5,198.00000000000003,0,41
Finale,Daft Punk,2010,62,10,8,-15,3,263.000000016,93,31
Fast Lane,Rationale,2015,96,58,76,-6,60,155.000000016,58,44
Home is Where the Hatred Is,Gil Scott-Heron,1971,98,48,70,-14,88,200.000000016,49,0
"Bout a Dolla (feat. Chuck Inglish, Chance the Rapper, Chip tha Ripper & Twista)",The O'My's,2014,90,62,74,-8,56,290.000000016,24,39
Better Give U Up,FKJ,2015,92,71,73,-7,45,256.99999996799994,19,0
Instant Need,FKJ,2013,91,49,77,-8,57,270.0,21,4
Clint Eastwood,Gorillaz,2001,168,69,66,-9,52,341.000000064,2,71
On Melancholy Hill,Gorillaz,2010,120,74,69,-6,58,234.0,0,71
Feel Good Inc.,Gorillaz,2005,139,71,82,-7,77,222.999999984,1,77
No Other Way,Sinead Harnett,2014,91,53,76,-9,50,200.000000016,21,6
So Far to Go Feat. Common & DAngelo,J Dilla,2006,90,56,65,-5,29,337.000000032,1,0
Ride,Twenty One Pilots,2015,75,71,65,-5,57,215.000000064,1,80
Stressed Out,Twenty One Pilots,2015,170,64,73,-6,65,202.000000032,5,80
Summer Breeze,Blunted Beatz,2014,90,59,73,-7,35,182.000000016,0,25
Rebirth of Cool,DJ Cam Quartet,2013,92,53,84,-7,62,299.999999952,6,48
Sangria - (bonus track),REMI,2014,97,75,70,-6,92,198.999999936,50,0
Down On My Luck,Vic Mensa,2014,125,75,69,-8,44,209.00000001600003,37,46
Sonnentanz - Sun Don't Shine,Klangkarussell,2013,120,54,59,-8,17,236.000000016,11,47
To Describe You,Kungs,2015,125,38,88,-12,83,269.00000006399995,28,33
Lost,Tender Games,2014,105,40,78,-10,31,258.000000048,34,0
Sunshine - Muneshine Edit,Muneshine,2015,124,90,77,-6,87,301.99999996799994,0,0
Sharpness,Jamie Woon,2015,98,58,85,-8,67,206.99999999999997,28,9
Crimewave,Crystal Castles,2007,120,66,76,-8,87,265.000000032,24,0
R U Mine?,Arctic Monkeys,2013,97,76,29,-6,62,202.000000032,1,9
Why'd You Only Call Me When You're High?,Arctic Monkeys,2013,92,63,69,-6,80,161.000000064,5,8
Do I Wanna Know?,Arctic Monkeys,2013,85,53,55,-8,41,272.000000016,19,16
Always Where I Need To Be,The Kooks,2008,168,96,33,-5,88,162.0,0,55
She Moves In Her Own Way,The Kooks,2006,153,80,41,-5,81,168.999999984,24,68
Bad Habit,The Kooks,2014,123,88,73,-4,84,220.999999968,5,63
Carbonated,Mount Kimbie,2010,135,33,55,-14,79,258.999999984,75,46
Stay,Hans Zimmer,2014,105,5,15,-16,2,411.999999984,1,2
Dust,Hans Zimmer,2014,130,12,17,-23,3,341.000000064,96,1
Wildfire,SBTRKT,2011,140,48,84,-7,34,200.999999952,3,58
My Love,Route 94,2014,120,60,82,-8,73,261.999999936,0,9
The Giver (Reprise),Duke Dumont,2015,123,93,46,-5,64,195.99999998399997,0,42
I Got U,Duke Dumont,2014,121,76,65,-8,45,285.999999984,0,57
Ocean Drive,Duke Dumont,2015,115,72,69,-5,56,206.000000064,1,73
White Iverson,Post Malone,2015,130,52,67,-9,33,254.99999995199997,24,4
Young Blood,The Naked And Famous,2010,105,87,58,-5,36,247.000000032,0,63
Give Life Back to Music,Daft Punk,2013,119,62,79,-11,70,274.999999968,0,60
The Game of Love,Daft Punk,2013,90,50,71,-12,68,321.999999984,83,55
Giorgio by Moroder,Daft Punk,2013,113,68,74,-10,41,544.999999968,7,59
Within,Daft Punk,2013,110,30,70,-14,7,229.000000032,89,55
Instant Crush,Daft Punk,2013,110,59,78,-10,52,337.999999968,4,72
Lose Yourself to Dance,Daft Punk,2013,100,66,83,-8,67,353.999999952,8,69
Touch,Daft Punk,2013,91,41,29,-13,12,499.000000032,48,55
Get Lucky,Daft Punk,2013,116,79,81,-9,86,369.99999993600005,4,70
Beyond,Daft Punk,2013,104,65,72,-11,79,290.000000016,37,53
Motherboard,Daft Punk,2013,103,71,55,-15,28,342.0,51,52
Fragments of Time,Daft Punk,2013,130,51,81,-10,96,279.99999993600005,4,56
Doin' it Right,Daft Punk,2013,178,45,80,-8,19,251.000000064,39,62
Contact,Daft Punk,2013,124,76,40,-8,9,384.000000048,0,53
Slychain,Hermitude,2008,106,84,82,-5,69,278.000000064,21,0
44 Gallons,Hermitude,2008,90,83,76,-5,69,270.0,4,0
New People,Hermitude,2008,73,65,71,-4,77,236.999999952,12,0
The River,Hermitude,2008,150,80,63,-6,36,326.999999952,3,0
Cartridge Kings,Hermitude,2008,100,78,79,-6,37,339.00000004800006,0,0
Exhale,Hermitude,2008,105,69,88,-4,87,269.00000006399995,21,0
Frayed,Hermitude,2008,80,89,57,-6,50,337.000000032,46,0
Vector,Hermitude,2008,98,61,79,-6,75,270.99999993600005,18,0
Your Call,Hermitude,2008,93,51,77,-5,92,234.0,60,0
Stepping Stones,Hermitude,2008,189,84,35,-8,55,308.999999952,64,0
Bloodshot,Hermitude,2008,97,84,79,-8,59,267.000000048,7,0
HyperParadise,Hermitude,2012,130,89,65,-4,80,243.00000000000003,1,0
HyperParadise - Flume Remix,Hermitude,2012,145,83,60,-7,31,267.999999984,5,0
Ukiyo - Bonus Track,Hermitude,2014,90,80,60,-5,67,197.00000006400003,39,0
Searchlight Reprise,Hermitude,2014,143,51,65,-8,22,267.999999984,20,0
The Buzz,Hermitude,2014,141,58,73,-6,49,222.000000048,33,0
Bermuda Bay,Hermitude,2014,160,79,69,-7,56,247.000000032,18,0
To Me,Nick Murphy / Chet Faker,2014,80,34,41,-11,12,315.0,25,16
Blush,Nick Murphy / Chet Faker,2014,182,34,39,-16,14,287.000000064,55,13
Hazey,Glass Animals,2014,90,50,65,-11,40,265.999999968,0,54
Holiest,Glass Animals,2014,132,64,50,-8,43,202.000000032,3,49
Black Mambo,Glass Animals,2014,80,41,68,-11,31,249.00000004800003,29,57
Made To Stray,Mount Kimbie,2013,129,71,84,-5,37,287.000000064,67,46
Before I Move Off,Mount Kimbie,2010,105,64,81,-6,66,249.999999984,57,43
Gooey,Glass Animals,2014,183,37,49,-13,11,288.999999936,74,67
Gold,Nick Murphy / Chet Faker,2014,140,51,62,-9,23,285.000000048,38,30
Talk Is Cheap,Nick Murphy / Chet Faker,2014,140,58,65,-9,46,218.99999995200002,47,27
Say My Name (feat. Zyra),ODESZA,2014,115,75,75,-7,35,263.000000016,0,65
High You Are,What So Not,2013,137,86,69,-6,41,213.000000048,6,60
Hold Me Down,Mansionair,2015,100,41,58,-9,6,359.00000006399995,62,5
Ukiyo,Hermitude,2014,180,58,61,-8,58,227.999999952,27,48
Digital Love,Daft Punk,2001,125,66,64,-8,53,301.000000032,5,60
Aerodynamic,Daft Punk,2001,123,91,62,-7,14,213.000000048,33,56
One More Time,Daft Punk,2001,123,70,61,-9,48,319.999999968,2,71
"Around the World / Harder, Better, Faster, Stronger",Daft Punk,2007,126,79,63,-8,58,342.999999936,0,51
Around the World - Radio Edit [Radio Edit],Daft Punk,2006,121,76,93,-6,86,240.99999998399997,0,50
Souvenir (feat. Hemlock Ernst),Milo,2015,78,49,55,-8,81,225.0,72,0
Warm Thoughts,Flume,2013,168,88,53,-7,61,227.999999952,4,1
Sleepless,Flume,2013,175,69,53,-7,39,209.00000001600003,3,2
Holdin On,Flume,2013,90,44,43,-5,22,153.999999936,17,2
Birthday Card,Marcus Marr,2015,123,84,70,-7,51,465.999999984,6,16
Are You What You Want to Be?,Foster The People,2014,126,82,60,-5,60,270.99999993600005,1,56
I Would Do Anything for You,Foster The People,2011,128,85,60,-6,44,213.999999984,4,58
Waste,Foster The People,2011,126,74,68,-6,85,206.000000064,6,56
Best Friend,Foster The People,2014,114,87,65,-4,80,267.999999984,1,56
Call It What You Want,Foster The People,2011,113,97,64,-4,73,238.99999996800003,5,60
Don't Stop (Color on the Walls),Foster The People,2011,133,95,61,-4,79,175.00000003199997,0,61
Helena Beat,Foster The People,2011,127,88,67,-5,74,276.000000048,1,62
Changing Of The Seasons,Two Door Cinema Club,2013,130,88,54,-4,62,222.999999984,0,6
Undercover Martyn,Two Door Cinema Club,2010,160,86,44,-5,58,168.000000048,0,11
Something Good Can Work,Two Door Cinema Club,2010,120,83,65,-5,68,164.00000001600003,1,12
What You Know,Two Door Cinema Club,2010,139,76,56,-4,81,191.000000016,0,19
Houdini,Foster The People,2011,110,91,63,-4,76,202.000000032,1,66
Jackie and Wilson,Hozier,2014,82,73,56,-4,74,222.999999984,6,12
Cherry Wine - Live,Hozier,2014,82,11,42,-15,23,240.000000048,95,19
Work Song,Hozier,2014,121,36,53,-8,26,229.99999996800003,75,12
1973 - Acoustic,James Blunt,2007,125,38,63,-11,35,209.999999952,88,53
Bonfire Heart,James Blunt,2013,118,82,57,-6,45,238.000000032,18,57
Jazz,Mick Jenkins,2014,125,61,64,-10,30,260.00000006399995,25,3
Barcelona,George Ezra,2014,94,58,63,-9,17,189.0,29,66
Budapest,George Ezra,2014,128,45,71,-8,41,200.999999952,9,75
From Eden,Hozier,2014,109,53,48,-7,41,222.000000048,40,50
Cherry Wine - Live,Hozier,2013,131,8,50,-17,25,240.000000048,96,37
Angel of Small Death and the Codeine Scene,Hozier,2013,188,66,31,-7,30,218.99999995200002,16,46
Someone New,Hozier,2014,184,53,44,-6,60,222.999999984,43,20
From Eden - Live in America,Hozier,2015,153,78,35,-5,53,269.00000006399995,46,32
Baby Blue (feat. Chance the Rapper),Action Bronson,2015,85,49,83,-6,76,279.99999993600005,25,63
What About Us,Flume,2013,80,70,63,-8,39,308.000000016,5,41
This Song Is Not About a Girl,Flume,2013,140,67,73,-7,60,254.00000001600003,14,47
The Trouble With Us,Marcus Marr,2015,121,74,83,-5,84,222.000000048,32,22
Experience,Ludovico Einaudi,2013,92,42,41,-11,4,315.0,93,49
What You Wanted,How To Dress Well,2014,130,51,47,-10,19,328.00000003200006,17,0
Life Round Here,James Blake,2013,145,74,43,-6,27,189.0,69,44
Life Round Here,James Blake,2013,145,66,61,-10,25,216.999999936,41,49
Limit To Your Love,James Blake,2011,140,28,78,-10,4,276.999999984,55,55
No Diggity,Nick Murphy / Chet Faker,2012,110,78,49,-5,41,222.000000048,68,29
Open,Rhye,2013,91,32,55,-11,23,216.999999936,90,60
The Fall,Rhye,2013,105,62,66,-13,78,225.0,38,57
Last Dance,Rhye,2013,90,41,78,-10,74,206.99999999999997,52,48
Verse,Rhye,2013,130,27,66,-12,35,171.999999936,89,44
Shed Some Blood,Rhye,2013,102,42,79,-12,67,200.999999952,79,40
3 Days,Rhye,2013,115,47,85,-11,64,256.000000032,83,54
One Of Those Summer Days,Rhye,2013,83,25,18,-12,12,272.999999952,92,39
Major Minor Love,Rhye,2013,118,31,55,-13,12,236.000000016,83,39
Hunger,Rhye,2013,107,77,74,-10,95,209.999999952,44,44
Woman,Rhye,2013,108,30,44,-14,5,159.999999984,92,39
1998,Nick Murphy / Chet Faker,2015,100,46,76,-12,73,224.000000064,13,19
Gold (Flume Re-Work),Nick Murphy / Chet Faker,2014,140,44,33,-7,9,267.000000048,33,16
Drop the Game,Flume,2013,79,67,56,-5,44,222.000000048,59,62
True - Radio Mix,Nora En Pure,2014,122,91,73,-4,52,186.00000004799998,1,38
U Got My Body - Radio Mix,Nora En Pure,2015,122,81,74,-5,41,215.000000064,11,43
Uruguay - EDX Radio Mix,Nora En Pure,2015,122,77,79,-6,33,209.00000001600003,4,41
Come with Me - Radio Mix,Nora En Pure,2014,120,76,68,-7,28,173.999999952,0,47
Rapp Snitch Knishes feat. Mr. Fantastik,MF DOOM,2004,95,83,73,-7,83,173.000000016,33,55
Retrograde,James Blake,2013,77,25,29,-11,19,224.000000064,87,63
Firefly,Mura Masa,2015,110,45,79,-9,46,227.999999952,42,5
On My Way,Reo Cragun,2017,130,46,65,-9,35,202.999999968,50,50
Say A',A Boogie Wit da Hoodie,2017,161,81,83,-5,85,215.000000064,39,0
Crisis (feat. 21 Savage),Rich Brian,2017,145,67,90,-6,67,216.0,7,31
Afraid of Us,Jonwayne,2017,82,82,68,-6,48,445.000000032,69,42
These Words Are Everything,Jonwayne,2017,80,58,60,-6,51,312.000000048,77,44
Ric Flair Drip (& Metro Boomin),Offset,2017,100,43,88,-8,33,173.000000016,15,80
Big Fish,Vince Staples,2017,100,55,90,-6,76,198.00000000000003,48,62
745,Vince Staples,2017,119,48,79,-10,22,227.999999952,12,57
Blakkst Skn,Rejjie Snow,2015,130,78,89,-5,39,211.00000003199997,4,35
Crooked Cops (feat. Tish Hyman),Rejjie Snow,2017,137,76,66,-5,49,227.999999952,4,25
Flexin' (feat. Ebenezer),Rejjie Snow,2017,139,67,81,-5,24,229.000000032,0,27
Virgo (feat. Pell),Rejjie Snow,2017,142,68,89,-4,76,213.000000048,14,27
Désolé,Rejjie Snow,2018,83,57,64,-7,25,234.0,13,18
Egyptian Luvr (feat. Aminé and Dana Williams),Rejjie Snow,2018,105,59,83,-8,90,256.99999996799994,6,43
What's the Use?,Mac Miller,2018,105,49,76,-10,56,288.999999936,74,68
Praise The Lord (Da Shine) (feat. Skepta),A$AP Rocky,2018,80,57,85,-8,29,204.999999984,6,80
Hopeless Romantic (feat. Swae Lee),Wiz Khalifa,2018,127,49,87,-7,59,225.0,30,58
Don’t Matter To Me (with Michael Jackson),Drake,2018,103,32,83,-12,14,245.99999995199997,49,74
Summertime Magic,Childish Gambino,2018,100,58,76,-7,13,213.999999984,1,73
OTW,Khalid,2018,73,68,65,-6,28,263.000000016,18,78
Adore,I:Cube,1999,111,91,60,-8,36,422.00000006399995,7,34
Am I Wrong - Original Version,Étienne de Crécy,2012,125,85,53,-4,43,231.99999998399997,9,36
Around the World,Daft Punk,1997,121,80,96,-5,84,429.999999984,0,67
Baby I'm Yours - feat. Irfane,Breakbot,2012,118,79,83,-4,76,216.0,73,70
Breathe,Télépopmusik,2001,114,65,69,-14,57,296.000000064,42,14
Cassius 1999 (Radio Edit),Cassius,1999,127,81,82,-9,77,222.000000048,0,49
The Child,Alex Gopher,1999,108,87,87,-6,71,274.999999968,7,43
Chrystal City,Alan Braxe,2004,124,96,70,-9,85,242.00000006399998,18,38
D.A.N.C.E,Justice,2007,113,96,61,-5,50,242.00000006399998,3,66
Diamond Veins (feat. Sarah Rebecca),French 79,2016,100,54,50,-10,9,240.000000048,0,53
DVNO (Radio Edit),Justice,2008,124,95,61,-3,63,191.999999952,1,33
Embody,Sebastian,2011,104,83,34,-3,71,225.999999936,24,44
Feeling for You,Cassius,1999,133,77,83,-10,73,278.000000064,0,51
Flat Beat - Radio Edit,Mr. Oizo,1999,129,44,93,-11,59,236.999999952,0,43
Gym tonic - Original,Bob Sinclar,1998,130,64,79,-4,37,371.99999995199994,1,41
I <3 U SO,Cassius,2011,189,80,13,-6,14,222.000000048,1,4
If I Ever Feel Better,Phoenix,2000,120,51,78,-10,81,222.999999984,8,39
In Love With You,The Paradise,2003,121,90,43,-6,12,254.00000001600003,0,42
In Your Arms (We Gonna Make It),Benjamin Diamond,2000,126,70,78,-8,82,261.0,0,39
Intro,Alan Braxe,2000,124,85,86,-6,61,294.999999984,3,48
La Mouche (DJ Falcon Metal Mix),Cassius,1999,131,90,76,-5,40,537.999999984,0,40
La ritournelle,Sébastien Tellier,2004,103,72,56,-11,53,454.000000032,0,53
Lady - Hear Me Tonight,Modjo,2001,126,81,72,-6,87,306.999999936,1,64
Look,Sébastien Tellier,2008,90,39,91,-8,82,274.000000032,55,2
Lucky Star,Superfunk,2000,126,68,78,-7,90,296.000000064,5,46
The Man With The Red Face - Video Edit,Laurent Garnier,2000,132,73,69,-11,44,551.0000000160001,2,46
Midnight City,M83,2011,105,73,51,-5,27,243.999999936,2,70
Mothership Reconnection (feat.Parliament/Funkadelic) - (Daft Punk Remix),Scott Grooves,2006,126,83,85,-5,78,240.99999998399997,9,41
Music Sounds Better With You - Radio Edit,Stardust,1998,124,66,73,-7,36,261.0,0,54
Musique,Daft Punk,1995,117,89,82,-7,83,413.99999999999994,0,47
In My Life - Remastered 2009,The Beatles,1965,103,44,69,-11,44,146.000000016,45,70
Help! - Remastered 2009,The Beatles,1965,95,73,53,-8,76,139.99999999680003,19,70
I Me Mine - Remastered 2009,The Beatles,1970,185,64,29,-8,53,146.000000016,18,49
Let It Be - Remastered 2009,The Beatles,1970,143,40,44,-8,41,243.00000000000003,63,77
Here Comes The Sun - Remastered 2009,The Beatles,1969,129,54,56,-10,39,186.00000004799998,3,80
Twist And Shout - Remastered 2009,The Beatles,1963,125,85,48,-9,94,155.000000016,64,73
Hey Jude - Remastered 2015,The Beatles,2000,147,61,39,-8,53,425.999999952,1,77
While My Guitar Gently Weeps - Remastered 2009,The Beatles,1968,115,65,45,-9,70,285.000000048,2,65
San Francisco (Be Sure to Wear Flowers In Your Hair),Scott McKenzie,2001,113,51,57,-10,65,179.000000064,43,43
Everybody's Talkin' - 1989 Remastered,Harry Nilsson,2001,125,54,51,-9,66,162.0,22,36
All Along the Watchtower,Jimi Hendrix,1968,113,81,44,-6,56,240.99999998399997,0,74
Imagine - Remastered,John Lennon,1971,76,26,55,-12,17,188.000000064,91,75
Oh! Darling - Remastered 2009,The Beatles,1969,174,66,42,-8,55,206.99999999999997,1,64
Love Me Do - Mono / Remastered,The Beatles,2000,148,88,52,-4,76,139.99999999680003,40,57
I've Got A Feeling - Remastered 2009,The Beatles,1970,165,61,44,-9,36,218.00000001600003,7,51
Rocky Raccoon - Remastered 2009,The Beatles,1968,79,36,60,-12,65,213.000000048,33,55
Computer Love - 2009 Remaster,Kraftwerk,1981,125,62,71,-11,52,438.99999998399994,80,42
Rebel Rebel - 2016 Remaster,David Bowie,1974,126,69,64,-16,46,274.999999968,21,71
Under Pressure - Remastered,Queen,1982,114,71,67,-8,51,247.999999968,44,72
Space Oddity - 2015 Remaster,David Bowie,1969,140,44,30,-13,43,319.000000032,7,69
Can't Buy Me Love - Remastered 2015,The Beatles,2000,172,76,43,-4,96,130.9999999968,12,56
Lean on Me,Bill Withers,1972,75,22,62,-14,42,258.999999984,78,67
Africa,Toto,1982,93,37,67,-18,73,296.000000064,26,82
Rock & Roll Part 2,Gary Glitter,1984,129,31,71,-11,40,193.000000032,0,1
Hey Bulldog - Remastered 2009,The Beatles,1969,100,62,59,-9,95,191.000000016,2,49
All You Need Is Love - Remastered 2009,The Beatles,1969,103,46,40,-8,63,231.00000004799998,35,42
Pepperland - Remastered 2009,George Martin,1969,113,28,35,-12,37,141.00000000480003,66,36
Night Patrol,Lifelike,2013,120,92,68,-4,69,470.000000016,11,42
Nightcall,Kavinsky,2010,91,86,54,-5,45,258.000000048,1,65
One out of Two (feat. Irfane) - Oliver Remix,Breakbot,2012,118,79,75,-5,92,258.000000048,2,2
Peace and tranquility to earth,Roudoudou,1998,98,63,70,-7,17,254.00000001600003,1,49
Pocket Piano,DJ Mehdi,2008,118,81,59,-7,43,272.999999952,5,2
Poison Lips,Vitalic,2009,126,92,63,-5,50,234.0,0,52
Polocaust,Mr Oizo & Gaspard Augé,2010,108,23,37,-14,4,184.99999996800003,79,29
Prix choc,Étienne de Crécy,1998,128,92,75,-11,79,531.999999936,23,43
Sacré français,Dimitri From Paris,2014,190,88,69,-8,47,294.00000004800006,2,39
See Me Now,Cassius,2006,105,78,82,-8,77,231.99999998399997,0,33
Sexy Boy,Air,1998,112,65,44,-6,21,297.999999936,0,56
Signatune - Thomas Bangalter Edit,DJ Mehdi,2007,123,73,48,-10,19,218.99999995200002,0,3
The Sound of Violence,Cassius,2002,120,85,71,-6,62,432.99999993600005,0,42
Starlight (Radio Edit),The Supermen Lovers,2001,127,68,74,-5,79,234.0,0,60
Sunchild,Cassius,2013,123,59,47,-9,22,328.00000003200006,4,32
Toop Toop,Cassius,2006,132,84,77,-5,92,166.999999968,9,51
You Are My High,Demon,1999,121,93,64,-5,24,229.000000032,0,47
0 To 100 / The Catch Up,Drake,2013,89,71,71,-4,50,274.999999968,76,69
1-800-273-8255,Logic,2017,100,57,62,-8,35,249.999999984,57,79
2100 (feat. BOOTS),Run The Jewels,2016,98,80,68,-6,10,240.99999998399997,3,42
3005,Childish Gambino,2013,166,46,47,-6,62,234.0,15,20
A.D.H.D,Kendrick Lamar,2011,158,80,61,-7,58,216.0,33,67
Above The Clouds - Feat. Inspectah Deck,Gang Starr,1998,172,95,49,-3,62,222.000000048,37,1
"Accordian (feat. M.e.d. Aka Medaphor, Lord Quas, WildChild, Viktor Vaughn & Stacy Epps)",Madvillain,2004,97,64,57,-6,71,117.9999999936,3,0
Ain't Gon' Stop,Sol,2016,95,62,89,-4,78,216.0,22,43
All Caps,Madvillain,2014,86,90,45,-8,61,130.00000000319997,26,0
All Caps,Madvillain,2004,83,89,36,-8,64,130.00000000319997,26,0
All Eyez On Me,2Pac,1996,93,72,87,-6,86,308.000000016,3,73
All Of The Lights (Interlude),Kanye West,2010,111,8,30,-17,50,62.0000000064,90,56
All Quiet on the West Side,Injury Reserve,2016,122,63,67,-9,29,159.999999984,24,38
All This Money,Injury Reserve,2016,184,65,69,-5,50,198.00000000000003,10,46
Amnesia,Freddie Gibbs,2017,152,67,71,-6,31,198.999999936,3,45
Apparently,J. Cole,2014,134,54,80,-9,53,292.999999968,56,66
Are You Around,Michael Christmas,2015,89,70,86,-7,91,202.000000032,48,26
The Art of Peer Pressure,Kendrick Lamar,2012,95,61,56,-9,41,324.99999993600005,29,54
Award Tour,A Tribe Called Quest,1993,97,60,81,-9,56,225.999999936,0,61
Backseat Freestyle,Kendrick Lamar,2012,78,65,55,-8,65,213.000000048,0,64
Big Poppa,The Notorious B.I.G.,1994,84,58,78,-7,76,252.99999993600002,43,72
"Bitch, Don’t Kill My Vibe",Kendrick Lamar,2012,134,70,59,-9,10,310.999999968,2,62
Bonita Applebum - includes 'Can I Kick It' Intro,A Tribe Called Quest,1990,92,70,85,-5,65,229.99999996800003,9,48
Broad Shoulders (feat. Chance the Rapper),Taylor Bennett,2015,128,52,60,-9,45,227.000000016,82,52
C.R.E.A.M.,Wu-Tang Clan,1993,181,55,48,-11,58,251.99999999999997,57,71
California Love - Original Version,2Pac,2007,92,85,76,-3,77,283.999999968,3,64
Call Ticketron,Run The Jewels,2016,120,66,83,-10,52,198.999999936,11,50
Can I Kick It?,A Tribe Called Quest,1990,97,67,85,-7,74,251.99999999999997,17,68
Can I Kick It? - J. Cole Remix,A Tribe Called Quest,1990,97,42,90,-6,51,168.999999984,43,43
Can't Get Enough,J. Cole,2011,132,62,77,-7,59,225.999999936,14,5
Can't Tell Me Nothing,Kanye West,2007,80,61,59,-6,10,272.000000016,1,30
Canal St.,A$AP Rocky,2015,137,58,70,-9,52,227.000000016,31,64
Classic Man - Remix,Jidenna,2015,94,66,85,-5,64,234.999999936,12,51
CoCo,O.T. Genasis,2014,120,63,89,-6,18,240.000000048,0,62
Collard Greens,ScHoolboy Q,2014,154,57,83,-5,65,299.999999952,3,69
Confess,Logic,2017,123,97,74,-3,53,342.999999936,30,52
Congratulations,Post Malone,2016,123,80,63,-4,49,220.00000003199997,22,82
Cut It (feat. Young Dolph),O.T. Genasis,2015,130,67,88,-4,23,222.999999984,14,61
D.R.U.G.S.,Ab-Soul,2016,132,45,72,-11,42,357.000000048,22,51
Days Passed Me By,Kooley High,2011,78,52,69,-8,57,184.99999996800003,33,0
Dear Mama,2Pac,1995,84,54,77,-7,31,279.99999993600005,38,67
Devil In A New Dress,Kanye West,2010,80,76,43,-5,21,351.999999936,2,63
Down (feat. Joi),Run The Jewels,2016,74,59,59,-8,16,209.999999952,30,46
Electric Body,A$AP Rocky,2015,120,60,90,-7,53,254.99999995199997,49,61
Electric Relaxation,A Tribe Called Quest,1999,98,53,87,-9,84,225.999999936,18,63
Everybody,Logic,2017,110,94,89,-6,77,162.0,16,68
Everything I Am,Kanye West,2007,80,63,59,-7,73,227.999999952,46,22
Excuse Me,A$AP Rocky,2015,122,71,65,-8,41,238.000000032,33,62
"F**kin' Problems (feat. Drake, 2 Chainz & Kendrick Lamar)",A$AP Rocky,2013,96,69,87,-7,67,234.0,2,20
Fashion Killa,A$AP Rocky,2013,140,82,79,-5,79,236.000000016,32,11
Father Stretch My Hands Pt. 1,Kanye West,2016,113,57,72,-4,38,135.9999999936,14,0
Flashing Lights,Kanye West,2007,90,65,63,-8,51,238.000000032,3,30
For The Love,GRiZ,2015,90,82,54,-5,50,281.000000016,24,31
Foreplay,Jalen Santoy,2016,119,32,79,-7,54,171.0,14,58
Get Right Witcha,Migos,2017,137,74,95,-6,62,258.000000048,6,65
Going Back To Cali,The Notorious B.I.G.,1997,99,55,88,-8,57,306.999999936,18,1
Gold Soul Theory,The Underachievers,2013,79,79,52,-5,63,184.000000032,19,48
Goldie,A$AP Rocky,2013,82,84,68,-5,74,191.999999952,22,11
Good Grief (feat. Diamante),Flatbush Zombies,2016,135,39,73,-10,40,270.99999993600005,11,46
goosebumps,Travis Scott,2016,130,73,84,-3,43,243.999999936,8,81
Grab Her Hand,Michael Christmas,2015,127,54,82,-6,84,272.999999952,33,40
Growing Pains,Ludacris,2001,84,71,72,-6,73,288.999999936,5,1
Halftime,Nas,1994,92,79,77,-7,65,261.0,3,58
Hate,Michael Christmas,2015,83,61,80,-6,79,197.00000006400003,1,28
Helicopter,Antwon,2011,174,90,39,-5,60,236.999999952,36,29
Hey Ya! - Radio Mix / Club Mix,OutKast,2003,80,97,72,-2,96,234.999999936,6,19
Hypnotize,The Notorious B.I.G.,1997,94,57,92,-5,66,229.99999996800003,13,7
I Got a Story to Tell,The Notorious B.I.G.,1997,94,70,88,-8,56,283.00000003200006,23,41
I'm so Groovy,Future,2017,138,48,94,-10,39,261.999999936,4,13
I've Seen Footage,Death Grips,2012,130,94,60,-4,42,202.999999968,5,54
If I Ruled the World (Imagine That) (feat. Lauryn Hill),Nas,1996,94,56,88,-8,52,281.999999952,5,67
In the Morning,J. Cole,2011,83,67,44,-11,48,234.0,76,4
It Ain't Hard to Tell,Nas,1994,91,73,69,-6,36,202.000000032,0,58
It Was A Good Day,Ice Cube,1992,82,75,80,-5,80,260.00000006399995,32,71
Jazz,Mick Jenkins,2014,125,61,64,-10,30,260.00000006399995,25,60
Juicy,The Notorious B.I.G.,1994,96,82,89,-5,78,303.000000048,47,75
Jumpman,Drake,2015,142,55,85,-7,66,206.000000064,6,72
Knock On Wood,DJ Hotday,2010,105,65,83,-13,75,134.0000000064,7,35
Know Me From,Stormzy,2015,185,73,50,-9,78,193.99999996800003,40,0
L$D,A$AP Rocky,2015,120,25,60,-15,4,238.000000032,19,71
The L.A. Song,People Under The Stairs,2003,91,91,84,-3,73,267.000000048,9,41
Legend Has It,Run The Jewels,2016,121,56,83,-7,47,206.000000064,3,57
Let Me Blow Ya Mind,Eve,2001,90,54,91,-4,87,229.99999996800003,24,69
Life's a Bitch (feat. AZ & Olu Dara),Nas,1994,90,73,78,-5,34,211.00000003199997,0,55
m.A.A.d city,Kendrick Lamar,2012,91,73,49,-7,22,350.00000006399995,5,62
Mask Off,Future,2017,150,43,83,-9,28,204.999999984,1,45
"Me, Myself & I",G-Eazy,2015,112,67,76,-7,38,251.000000064,2,74
Memory Lane (Sittin' in da Park),Nas,1994,90,84,65,-4,62,247.999999968,31,52
The Message,Nas,1996,178,54,61,-7,49,234.0,1,61
Metronome (feat. Wiki),Antwon,2014,100,67,71,-8,19,157.00000003199997,0,17
Mo Money Mo Problems (feat. Mase & Puff Daddy),The Notorious B.I.G.,1997,104,87,86,-5,92,252.99999993600002,3,9
Money Trees,Kendrick Lamar,2012,72,53,72,-7,34,387.0,7,60
Ms. Jackson,OutKast,2000,95,81,84,-6,62,270.99999993600005,14,75
N.Y. State of Mind,Nas,1994,84,91,67,-5,89,294.00000004800006,4,62
Next Levels,King Geedorah,2003,93,56,73,-11,90,229.000000032,65,47
Nice Guys Finish Thirst,Name UL,2016,119,84,48,-8,83,211.00000003199997,3,29
No More Parties In LA,Kanye West,2016,92,92,48,-2,71,373.99999996799994,24,0
No Role Modelz,J. Cole,2014,100,52,70,-8,46,292.999999968,30,79
No Tellin',Drake,2015,95,48,83,-10,56,310.999999968,54,60
Notorious Thugs,The Notorious B.I.G.,1997,155,74,76,-7,74,368.000000064,16,2
O Heaven,Blu,2012,90,72,46,-7,73,200.000000016,13,2
Old Thing Back (feat. Ja Rule and Ralph Tresvant),Matoma,2015,97,86,81,-3,52,321.999999984,19,68
One Dance,Drake,2016,104,62,78,-6,35,173.999999952,1,6
One Love (feat. Q-Tip),Nas,1994,93,69,77,-7,81,326.000000016,22,51
One Night,Lil Yachty,2016,130,48,76,-13,38,243.00000000000003,37,69
Only One,Kanye West,2015,102,25,72,-6,13,279.99999993600005,94,57
Otha Fish,The Pharcyde,1992,77,85,76,-8,94,321.999999984,11,0
Passin' Me By,The Pharcyde,1992,87,76,76,-8,56,303.000000048,8,1
Phoenix,A$AP Rocky,2013,144,51,65,-11,50,234.0,58,7
Pick Up The Phone (feat. Quavo),Young Thug,2016,137,72,71,-4,46,251.99999999999997,12,1
Poetic Justice,Kendrick Lamar,2012,136,57,78,-10,65,299.999999952,16,64
POWER,Kanye West,2010,154,92,54,-5,58,292.000000032,2,75
Pt. 2,Kanye West,2016,145,73,62,-4,27,130.00000000319997,55,0
Push It Along,A Tribe Called Quest,1990,95,70,54,-8,62,454.000000032,33,37
RAF,A$AP Mob,2017,134,66,85,-6,33,254.99999995199997,52,64
Rain Song (feat. Lil Ugly Mane),Antwon,2014,113,81,49,-7,14,353.000000016,2,25
Represent,Nas,1994,92,83,70,-5,62,252.99999993600002,2,54
Rhymes Like Dimes,MF DOOM,2011,200,76,49,-6,79,258.999999984,66,0
Runnin',The Pharcyde,1995,94,78,76,-8,84,296.000000064,3,10
She Said,The Pharcyde,1995,79,69,79,-7,61,315.99999993600005,10,47
"Shook Ones, Pt. II",Mobb Deep,1995,94,79,76,-6,50,326.000000016,1,72
Shut Up - Studio Version,Stormzy,2015,87,67,46,-10,95,180.999999936,83,1
"Sing About Me, I'm Dying Of Thirst",Kendrick Lamar,2012,111,75,65,-8,37,724.000000032,30,56
The Single,Jonwayne,2017,138,65,42,-9,40,99.9999999936,2,0
Sittin in Hell,Antwon,2012,136,92,62,-3,32,225.999999936,54,30
Smoke Break (Interlude),Flatbush Zombies,2016,100,32,71,-16,12,123.9999999984,67,48
"So Fresh, So Clean",OutKast,2000,166,64,73,-8,92,240.000000048,3,63
So It Goes,RATKING,2014,130,94,53,-4,48,332.000000064,2,24
A Spike Lee Joint (feat. Anthony Flammia),Flatbush Zombies,2016,106,51,79,-12,48,254.99999995199997,14,49
Stronger,Kanye West,2007,104,73,63,-8,48,312.000000048,1,37
Summer,Raf Riley,2015,142,54,91,-4,74,162.999999936,52,35
Summers Over Interlude,Drake,2016,132,28,69,-9,32,105.9999999984,33,55
Superstar (feat. Matthew Santos),Lupe Fiasco,2007,95,82,57,-6,47,288.999999936,21,63
Surviving the Times,Nas,2007,96,60,75,-8,35,283.999999968,4,34
Swimming Pools (Drank),Kendrick Lamar,2012,74,45,58,-6,19,247.999999968,1,68
T-Shirt,Migos,2017,139,69,87,-4,49,242.00000006399998,24,46
Take It Back,Logic,2017,135,84,84,-4,69,400.000000032,6,59
THat Part,ScHoolboy Q,2016,113,54,93,-8,34,314.00000006399995,9,64
That's That,MF DOOM,2009,96,73,50,-5,85,135.0,24,0
Touch The Sky,Kanye West,2005,106,85,60,-5,55,236.000000016,2,64
Trade-Off,Flatbush Zombies,2016,140,45,86,-9,15,249.00000004800003,4,52
Tuesday (feat. Drake),ILOVEMAKONNEN,2014,140,67,78,-6,45,321.999999984,19,36
Ultralight Beam,Kanye West,2016,106,40,59,-9,36,321.000000048,63,0
untitled 02 | 06.23.2014.,Kendrick Lamar,2016,85,51,53,-10,10,258.999999984,34,58
untitled 03 | 05.28.2013.,Kendrick Lamar,2016,104,55,83,-12,55,153.999999936,59,52
Versace (Remix),Migos,2015,132,71,85,-4,33,245.99999995199997,2,60
Wet Dreamz,J. Cole,2014,175,71,50,-8,58,238.99999996800003,8,75
When I B On Tha Mic,Rakim,1999,96,49,84,-7,80,222.999999984,5,64
Wild for the Night (feat. Skrillex & Birdy Nam Nam),A$AP Rocky,2013,140,86,76,-4,69,213.000000048,5,15
Work Out,J. Cole,2011,93,43,83,-7,22,234.999999936,5,9
The World Is Yours,Nas,1994,87,79,68,-6,54,290.99999995199994,27,58
Xxplosive,Dr. Dre,1999,169,88,78,-4,93,215.000000064,20,62
Yamborghini High,A$AP Mob,2016,138,77,84,-6,64,301.99999996799994,3,67
Your Favorite Rap Song,Flatbush Zombies,2016,78,62,48,-10,55,780.000000048,90,46
Youthful Expression,A Tribe Called Quest,1990,109,58,87,-7,48,292.999999968,5,37
